<?xml version="1.0" encoding="UTF-8"?>
<!DOCTYPE log4j:configuration SYSTEM "log4j.dtd">

<log4j:configuration xmlns:log4j="http://jakarta.apache.org/log4j/">
  <appender name="console" class="org.apache.log4j.ConsoleAppender">
    <param name="Target" value="System.out"/>
    <layout class="org.apache.log4j.PatternLayout">
      <param name="ConversionPattern" value="%d [%t] %p %c - %m%n"/>
    </layout>
  </appender>
  
  <appender name="tc-file" class="org.apache.log4j.RollingFileAppender">
    <param name="file" value="logs/terracotta-client.log" />
    <param name="maxFileSize" value="256KB"/>
    <param name="maxBackupIndex" value="10"/>

    <layout class="org.apache.log4j.PatternLayout">
      <param name="ConversionPattern" value="%d [%t] %p %c - %m%n"/>
    </layout>
  </appender>

  <logger name="customer.logger.tsa" additivity="false">
    <level value="INFO"/> 
    <appender-ref ref="tc-file"/>
  </logger>
  <logger name="class.com.tc" additivity="false">
    <level value="INFO"/> 
    <appender-ref ref="tc-file"/>
  </logger>
  <logger name="class.com.terracottatech" additivity="false">
    <level value="INFO"/> 
    <appender-ref ref="tc-file"/>
  </logger>
  
  <root>
    <level value="INFO"/>
    <appender-ref ref="console"/>
  </root>
</log4j:configuration>
